year,pauper_s_ovl_fre,skiver_s_ovl_fre,scrounger_s_ovl_fre,loafer_s_ovl_fre,shirker_s_ovl_fre,idler_s_ovl_fre,indolent_ovl_fre,workshy_ovl_fre,dependency_ovl_fre,feckless_ovl_fre,deservingpoor_ovl_fre,dependentonbenefits_ovl_fre,unemployable_ovl_fre,delinquent_ovl_fre,delinquency_ovl_fre,criminalclass_ovl_fre,riffraff_ovl_fre,peon_s_ovl_fre,peasant_s_ovl_fre,underclass_ovl_fre,lowerclass_ovl_fre,dangerousclass_ovl_fre,residuum_ovl_fre,beggar_s_ovl_fre,vagrant_ovl_fre,vagrancy_ovl_fre,tramps_ovl_fre,indigent_ovl_fre,unemprate,no_of_articles,shakespeare_ovl_fre,mozart_ovl_fre,football_ovl_fre,cricket_ovl_fre,opera_ovl_fre,theatre_ovl_fre,france_ovl_fre,germany_ovl_fre,america_ovl_fre,bedroom_ovl_fre,bathroom_ovl_fre,kitchen_ovl_fre,public_debt,party,tax_rev_gdppc,spending_gov_gdppc,uerate_ihs,uerate_boe,defence_PCgdp
1895,508,7,0,61,0,151,35,1.0001,93,6,67,0,1.0001,31,2,15,1.0001,399,518,0,54,7,39,349,30,20,273,113,5.409914152525636,94137.93,444,230,1023,2337,3103,4432,6496,4011,5272,499,386,2779,39.67,0,,12.51,5.8,6.316293317139761,2.39
1896,416,0,0,44,2,112,49,0,78,1.0001,28,0,2,25,9,8,0,376,550,0,57,9,32,214,43,13,340,73,3.000727000125232,121428.57,329,97,1232,1743,2745,4268,5325,3769,5008,351,219,2064,38.16,0,,12.54,3.3,5.267507133264867,2.5
1897,560,5,0,85,2,192,54,1.0001,148,4,61,0,1.0001,52,14,10,5,339,811,1.0001,59,9,32,320,58,18,583,184,3.020254944664422,142195.13,674,233,1622,2524,4093,6421,7199,5580,5876,720,265,3145,36.25,0,,12.72,3.3,5.094183064356666,2.56
1898,513,23,0,71,5,175,53,0,108,0,52,0,0,41,6,9,4,328,743,0,77,13,28,346,70,53,664,136,2.546545239377218,122962.96,714,351,1685,2647,3518,6265,7961,5797,6432,641,268,3119,34.83,0,,12.62,2.8,4.22352818319617,2.43
1899,490,12,0,101,45,138,38,0,110,2,153,0,0,35,7,19,3,322,750,0,92,7,35,662,83,31,760,145,1.760313099281712,128813.56,731,339,1761,2874,3712,6706,7461,5116,6425,592,309,3140,32.69,0,,12.67,2,3.699897004107558,2.53
1900,358,6,0,72,11,107,34,0,85,2,53,0,1.0001,32,4,10,1.0001,325,584,0,75,6,18,672,47,20,511,163,2.217972512970897,141944.44,761,340,1464,2562,3216,6522,5836,4838,6213,605,292,3276,30.17,0,10.01,14.06,2.5,3.66983785439498,3.78
1901,404,1.0001,0,84,9,138,37,0,120,3,43,0,2,26,10,15,1.0001,306,683,0,80,5,29,203,54,17,443,167,2.981718656094841,126571.43,618,258,1656,2296,2738,5564,5604,5137,5988,468,239,2945,33.24,0,10.67,17.25,3.3,4.863918629550321,6.5
1902,393,1.0001,0,88,4,135,40,2,90,3,74,0,2,23,7,8,0,388,769,0,58,8,22,224,72,31,637,241,3.634478098815824,124901.96,647,311,1741,2300,3096,6254,5345,4944,5980,638,372,3111,35.92,0,11.48,18.34,4,5.130938520198863,6.91
1903,556,5,0,87,4,120,43,0,99,4,61,0,26,13,9,9,1.0001,334,1121,0,55,8,26,279,87,37,632,219,4.325862863477234,126400,669,392,1593,2464,3815,6470,6609,5930,6313,683,241,3121,38.02,0,12.38,18.41,4.7,5.586837236819779,6.06
1904,610,21,0,117,1.0001,144,37,1.0001,120,1.0001,81,0,18,26,11,11,0,339,864,0,69,5,21,268,90,93,739,215,5.621778133164224,160652.17,976,450,1910,2992,4021,8060,7109,5346,7643,766,247,3327,37.81,0,12.22,16.43,6,6.893718705826759,3.96
1905,624,7,0,136,17,156,49,1.0001,122,4,113,0,51,18,7,11,0,319,1330,0,91,13,25,269,138,38,732,204,4.653995754949862,162666.67,1040,489,2361,2655,3762,7453,8074,6338,7981,911,261,3269,36.29,3,11.91,17.82,5,6.462543366597433,3.49
1906,630,12,0,121,8,137,39,0,136,7,125,0,40,20,3,19,1.0001,374,1394,0,74,10,24,242,101,75,680,167,3.299682361246292,183783.78,809,444,2020,2587,4125,6807,7740,5701,8016,735,287,3087,34.42,3,11.57,15.18,3.6,5.163002067356209,3.16
1907,545,5,0,150,19,133,38,0,139,4,93,0,26,27,18,9,2,405,1475,0,88,15,34,344,82,48,661,198,3.369667829092596,188857.14,828,499,2558,3029,4962,8088,8642,6563,9136,1025,321,3608,32.35,3,11.26,14.44,3.7,4.38593884732279,2.89
1908,844,5,0,187,16,125,48,3,156,8,135,0,65,32,11,11,1.0001,526,929,0,86,9,34,477,107,36,781,219,7.359073546020643,205526.31,949,479,2509,2871,4736,7925,9654,7508,9607,1195,249,3352,33.3,3,11.43,14.78,7.8,7.08072017049003,3
1909,768,12,0,130,21,114,36,1.0001,152,9,76,1.0001,77,31,10,16,1.0001,548,1033,0,86,9,39,321,96,70,769,218,7.242062397962624,213611.11,1105,369,2841,3029,5009,8785,9541,7865,9758,1182,302,3347,32.39,3,11.54,14.73,7.7,7.513973175394989,2.96
1910,749,3,0,142,19,123,28,0,111,11,67,1.0001,45,24,13,10,0,525,977,0,65,13,37,387,85,45,881,203,4.350636159318286,225897.44,1118,505,2476,2696,5123,8615,9349,7529,9879,1229,307,3084,31.65,3,10.36,15.95,4.7,5.771821348244211,3.03
1911,635,9,0,119,19,115,33,2,126,7,56,0,38,21,2,12,1.0001,547,861,0,76,10,52,265,68,58,784,152,2.716444115586076,245000,1125,599,2471,2909,5410,9012,10177,8392,9260,1198,388,3204,29.22,3,13.01,14.97,3,4.72854340362923,3.13
1912,473,7,0,79,34,120,42,2,131,6,62,0,19,24,5,15,0,447,927,0,56,7,32,244,46,60,814,143,3.027773032192037,246666.67,1109,439,2984,3231,5705,8718,9769,7563,10021,1318,308,2976,27.3,3,11.72,14.78,3.2,3.950805681943736,3.12
1913,440,4,0,88,26,142,40,0,83,12,61,0,9,28,12,15,3,484,941,0,66,10,35,420,42,38,789,149,1.8604965640498,246562.5,794,420,2935,2598,5753,8295,9567,7125,10762,1008,214,2888,25.83,3,11.57,14.97,2.1,3.606002380530031,3.09
1914,240,4,0,80,42,102,33,0,80,3,35,2,8,23,5,6,1.0001,360,1089,0,52,5,28,333,47,25,799,80,2.926955777855809,235000,680,380,2524,2124,4708,8071,12699,10990,9982,847,246,2879,25.3,3,11.96,15.61,3.3,3.156384505021521,3.21
1915,152,9,0,42,228,98,20,0,85,1.0001,22,0,4,11,5,0,0,287,762,0,38,4,31,197,16,16,578,46,.7532013093837173,192666.67,424,303,1196,963,3578,6821,13205,13141,7096,664,263,2669,36.59,2,11.03,25.72,1.1,.948316737790422,14.93
1916,121,7,1.0001,26,230,89,32,0,82,2,7,0,2,7,11,1.0001,0,277,608,0,34,3,27,116,21,12,461,46,.1438882907087043,184400,934,343,933,877,3513,5747,12982,11742,7087,599,184,2629,61.36,2,12.71,50.85,.4,.3291020216267043,40.8
1917,94,7,0,20,159,62,16,0,83,6,6,0,5,11,18,4,1.0001,265,935,0,45,7,21,80,18,14,459,26,.2787838969645711,163928.58,434,337,630,674,3197,5171,12693,10484,7319,596,149,2350,93.25,2,15.69,55.7,.6,.4662004662004662,46.19
1918,66,4,2,17,68,94,16,0,67,4,7,0,2,8,6,1.0001,2,287,823,0,29,6,15,265,9,4,426,25,.4569327883702914,152142.86,335,212,682,757,2691,4247,14233,11896,7180,468,157,2155,114.52,2,15.84,56.64,.8,.6472491909385113,47.07
1919,176,3,0,43,35,202,29,0,87,9,7,0,16,19,7,10,1.0001,460,1155,0,62,5,31,151,23,21,534,35,2.797321240309071,222500,746,304,2384,2292,4443,6684,15351,9893,11044,1036,425,3417,135.2,2,18.29,51.17,3.4,3.024747937671861,40.1
1920,154,8,0,24,26,190,32,1.0001,80,9,21,0,27,23,19,6,2,439,1294,0,58,8,31,756,23,21,567,40,1.743600406538549,246521.73,1053,411,3241,3014,5023,7988,15086,7989,12046,1375,495,4803,130.7,2,24.89,33.22,2,1.954545454545455,11.61
1921,177,2,1.0001,34,34,197,27,1.0001,81,13,24,0,21,26,30,12,1.0001,361,1107,0,48,3,21,1167,34,18,544,38,10.990721664813,247272.73,1125,421,3581,3782,4774,8099,13803,8275,12630,1460,443,4051,154,2,33.24,34.05,11.3,11.02378228869611,6.06
1922,183,6,0,38,18,202,21,1.0001,82,8,30,1.0001,24,30,22,8,3,401,939,0,50,11,23,1287,38,9,584,52,9.626676603295014,253913.05,1035,437,3861,3681,4929,8735,14465,8571,12530,1600,517,3964,171.33,0,30.3,36.39,9.800000000000001,9.675714859841033,4.98
1923,169,8,0,37,13,99,23,0,63,8,19,0,26,35,19,10,0,389,1146,0,58,8,13,1313,41,23,657,40,7.91769445120697,273750,1257,530,3652,3515,5453,9463,17622,10441,14561,1862,820,3798,181.68,0,26.43,30.16,8.1,7.987518452051988,2.9
1924,178,5,0,28,20,125,45,0,77,11,38,0,20,36,18,5,0,387,1235,1.0001,39,9,19,346,32,25,647,43,7.036532922168242,281304.34,1233,691,3980,3787,5950,10102,15328,8570,15130,1922,845,4122,174.7,0,23.71,27.21,7.2,7.117407622868066,2.84
1925,149,8,0,40,30,114,22,2,68,11,23,0,29,45,17,18,0,436,1166,0,39,9,22,774,35,25,642,41,7.687136290412475,291818.19,1278,1011,3818,3638,5854,9840,15750,8176,16297,1908,856,4098,168.25,0,22.11,27.17,7.9,7.759829826366816,2.65
1926,164,10,0,36,13,103,39,0,48,4,17,0,20,42,23,15,0,428,1106,0,70,6,11,593,28,14,680,37,8.605534265503644,309090.91,1611,957,3938,4312,5683,10145,15322,7745,16127,2008,874,4405,173.51,0,23.44,29.89,8.800000000000001,8.666889674006134,2.92
1927,207,7,0,57,12,97,28,2,57,12,31,1.0001,24,49,15,9,1.0001,421,1153,0,52,11,14,485,54,34,647,39,6.627531865352775,323500,1428,1037,4401,4106,6105,10202,15843,7357,16584,2347,1009,4251,164,0,22.32,29.56,6.8,6.713612931416981,2.7
1928,233,5,2,30,16,102,37,5,48,11,32,0,24,43,24,10,1.0001,402,1528,0,58,8,10,715,50,49,735,48,7.349908519483565,350000,1652,850,4666,4750,6581,12221,17391,8868,18160,2542,1025,4261,163.41,0,23.36,29.17,7.5,7.426827171436132,2.72
1929,151,2,3,66,23,112,29,5,51,14,19,0,33,32,20,14,1.0001,453,1235,0,52,8,14,647,38,26,723,42,7.103473765070087,344285.72,1501,855,4301,4537,6455,11355,17387,9498,19415,2331,959,4906,159.59,1,23.01,28.23,7.3,7.183500996582741,2.54
1930,146,7,2,56,22,131,33,4,63,20,31,2,24,44,21,12,1.0001,345,1385,0,57,14,11,573,40,58,621,43,11.06593175294268,326842.09,1348,832,3802,4243,6853,11451,16340,7846,15931,1862,973,4302,161.58,1,22.73,29.38,11.2,11.09812724069538,2.57
1931,125,8,9,73,15,111,33,3,49,17,26,2,10,43,26,17,3,362,1215,0,70,4,13,294,37,48,598,38,14.8857716145775,314736.84,1303,722,4174,4263,6600,11362,17069,9255,14827,1888,1054,4524,171.49,2,25.23,32.06,15.1,14.87620545753544,2.71
1932,92,0,0,93,12,77,20,1.0001,43,7,14,0,14,35,22,8,0,277,915,0,60,6,7,239,28,37,572,40,15.40218240818271,286000,1287,744,4122,4030,5886,10602,14731,8446,11993,1653,803,3951,175.76,2,25.61,33.08,15.6,15.38729838999768,2.67
1933,85,4,4,199,13,64,25,1.0001,35,13,41,1.0001,17,29,25,14,2,241,1036,0,49,6,11,402,29,35,660,20,13.92685635183169,286956.53,1341,818,4317,4302,5648,9580,14332,10073,12807,1789,787,4410,177.57,2,24.51,31.93,14.1,13.92737213742642,2.58
1934,119,12,8,192,13,76,31,2,54,17,21,0,30,19,16,3,1.0001,344,1140,1.0001,67,9,12,266,22,34,982,41,11.70924833825227,306875,1492,983,4495,4281,6321,9415,15413,11401,12485,1865,962,4417,172.91,2,23.24,29.21,11.9,11.73411142664778,2.57
1935,87,8,2,99,8,109,25,0,48,5,16,0,25,30,38,8,1.0001,291,1029,0,71,4,14,493,26,49,932,33,10.83821080828994,321379.31,1682,1008,4722,4236,6566,9061,16214,11197,11384,1863,1191,4885,165.01,2,22.71,28.56,11,10.87303083358991,2.58
1936,72,2,3,37,10,89,16,0,39,13,18,1.0001,16,20,46,5,20,216,995,0,49,3,13,255,30,33,962,30,9.193891747777352,320666.66,1309,838,4445,3679,6399,8209,17464,12143,11588,1755,1241,5389,156.08,2,21.96,28.65,9.4,9.2481130947513,2.92
1937,136,3,3,20,7,96,16,0,40,13,17,2,19,46,53,2,1.0001,249,1085,0,43,3,7,261,44,15,1119,41,7.62307076063558,319714.28,1881,1052,4752,4108,6573,9721,17430,11657,13464,1755,1494,6028,145.95,2,21.79,28.62,7.8,7.696564415542433,3.66
1938,74,4,1.0001,27,9,51,27,3,35,14,18,0,17,51,92,8,0,224,1202,1.0001,54,3,11,284,21,20,1007,43,9.147042030271106,314687.5,1493,893,5152,4172,6300,9029,18388,14152,12508,1906,1784,6068,145.65,2,22.22,28.87,9.300000000000001,9.201827740423088,3.74
1939,64,9,2,19,22,63,17,1.0001,65,11,19,2,17,24,40,4,1.0001,220,1028,0,27,2,9,234,29,7,818,23,5.585043593557743,263870.97,1218,783,3366,2593,5002,7155,16792,15381,10584,1333,1113,5013,137.71,2,21.74,29.14,5.8,5.684615874820047,4.5
1940,45,0,5,13,16,34,5,0,34,5,13,1.0001,16,7,7,1.0001,1.0001,134,579,0,17,3,7,289,6,3,412,17,2.854322261901372,164800,994,343,1622,1052,2840,3820,12450,11343,6086,594,358,2855,109.97,2,19.97,29.71,3.3,2.990737004762043,8.960000000000001
1941,12,2,2,6,32,30,6,0,23,3,1.0001,1.0001,14,15,25,0,0,91,495,0,18,1.0001,1.0001,93,5,1.0001,254,7,.8694720079449667,133684.2,611,208,1172,738,2161,2590,6344,7680,6462,390,161,2482,119.79,2,20.87,54.08,1.2,1.034030386460442,37.36
1942,10,1.0001,4,12,13,22,5,1.0001,23,8,4,0,8,7,35,2,2,46,467,0,8,3,7,46,5,0,248,7,.2696372241676984,130526.31,384,275,1010,745,2587,3519,5324,5452,5382,367,162,2433,137.54,2,26.3,59.8,.5,.442926613744768,43.21
1943,32,29,1.0001,9,19,35,14,1.0001,27,8,1.0001,0,22,11,33,0,1.0001,69,500,0,14,0,1.0001,61,11,9,231,10,.1448268944054145,128333.34,444,278,910,909,2607,3957,5057,6594,4838,557,205,2466,156.77,2,32.2,64.37,.4,.319946152978944,48.18
1944,31,8,1.0001,5,13,26,6,0,15,1.0001,0,0,14,16,32,2,0,75,576,0,22,0,3,57,4,5,195,2,.107793765607685,139285.72,538,267,1113,890,2824,4007,8214,7740,4389,628,288,2290,182.34,2,34.22,65.45,.4,.2834568467660222,48.77
1945,15,5,1.0001,7,5,24,9,0,14,5,1.0001,0,13,19,33,0,0,102,518,1.0001,12,1.0001,4,69,10,4,264,4,.2390311842247015,138947.38,461,311,1456,1016,2490,3924,6842,7766,4932,653,447,2261,215.64,1,37.33,70.34,.5,.4127688752778976,52.01
1946,29,3,3,8,2,30,7,1.0001,19,5,0,2,7,20,59,1.0001,0,75,602,0,37,2,4,65,16,10,230,13,1.559871888312577,143750,519,459,1954,1649,2805,4367,6909,5768,5538,718,427,2029,237.12,1,37.82,64.81,1.9,2.038237194528323,44.61
1947,31,14,2,4,7,39,9,4,21,11,5,0,5,18,69,6,0,106,732,0,28,2,5,60,9,15,241,13,1.125029367678632,150625,620,456,2114,1956,3205,4136,7528,5315,6319,802,486,1989,237.94,1,35.01,49.06,1.4,1.624175018750998,16.21
1948,30,4,2,6,4,41,9,0,31,12,2,0,13,18,53,4,0,116,563,0,33,2,7,125,16,15,291,8,1.127039580125281,153157.89,380,449,1940,1876,3107,3809,7826,4825,5652,781,562,1907,213.97,1,33.87,39.21,1.3,1.640350949656953,7.62
1949,38,7,4,8,16,25,9,1.0001,34,8,3,0,16,32,140,3,2,92,610,0,47,0,10,110,10,11,347,24,1.255126176414589,182631.58,532,447,2357,2285,3697,4200,8168,5270,7129,791,789,2593,197.77,1,39.38,36,1.2,1.526540111735896,6.45
1950,21,3,4,4,6,35,18,2,25,11,1.0001,0,10,48,164,9,0,143,591,0,35,1.0001,6,128,4,10,521,14,1.262094488842536,186071.42,627,580,2416,2551,4181,4519,8311,5565,7087,753,945,3023,193.89,1,40.41,35.89,1.6,1.823362453915739,6.04
1951,29,3,4,8,4,29,6,0,19,9,3,1.0001,9,42,54,1.0001,0,133,622,0,36,3,2,102,8,5,453,8,.9534749694326161,188750,695,643,2366,2305,4162,4698,8109,5547,6854,893,850,2908,175.34,0,37.69,38.01,1.3,1.56737653924408,9.859999999999999
1952,34,3,5,44,4,44,19,0,27,11,2,1.0001,9,38,98,3,0,215,664,0,42,5,2,115,30,9,506,17,1.393787273623728,202400,628,511,2376,2325,4293,4765,8209,6218,7329,908,919,2402,161.99,0,37.61,39.07,2.2,2.358966568434311,11.17
1953,25,0,1.0001,22,9,71,15,3,25,21,1.0001,0,15,40,89,2,3,223,705,0,31,2,3,179,18,27,417,9,1.336101663685498,219473.69,810,508,2520,2433,4739,5142,8998,6851,7761,875,861,2499,152.16,0,37.02,38.41,1.8,2.032146018931268,10.96
1954,35,0,1.0001,36,9,52,14,1.0001,35,18,4,4,7,61,89,3,0,198,649,0,41,2,5,97,18,9,401,11,1.095530488009825,211052.63,652,489,2677,2324,4845,4987,9584,7461,7402,766,730,2592,146.66,0,35.66,36.24,1.5,1.768046522278514,10.03
1955,40,3,6,12,4,49,16,1.0001,34,15,2,0,11,41,92,3,0,214,679,0,42,6,1.0001,97,13,9,606,10,.8388308155163975,208965.52,673,482,2668,2393,4766,4958,8444,6666,7044,693,738,2427,138.19,0,34.52,34.95,1.2,1.550357882476115,8.85
1956,34,2,7,11,4,51,11,7,41,19,3,0,8,43,82,9,0,221,721,0,44,1.0001,0,130,14,10,714,8,.8872687903731284,230322.58,724,850,3037,2847,5489,5565,10381,7031,8461,866,767,2660,129.03,0,34.28,35.1,1.3,1.639878333549025,8.6
1957,28,6,6,14,3,153,15,0,42,33,3,0,5,272,72,5,1.0001,229,787,0,52,4,4,100,19,12,651,13,1.167253242285466,241111.11,728,540,3200,2768,5452,5711,9775,6948,8960,1022,763,2486,122.18,0,34.76,34.55,1.6,1.888460013791527,7.79
1958,38,3,3,19,3,168,24,1.0001,33,37,0,3,10,168,127,1.0001,1.0001,215,635,0,53,5,3,130,16,9,654,13,1.688458022719738,242222.22,755,548,3285,2813,5698,5586,9806,7048,9410,1059,857,2667,118.14,0,35.03,35.12,2.2,2.528965494965629,7.44
1959,31,3,6,17,2,113,19,0,26,27,3,0,8,78,131,5,0,247,789,0,52,0,1.0001,126,20,8,596,13,1.800613408795443,248333.33,653,552,2968,2668,5356,6023,9858,7791,9640,989,772,2688,112.44,0,34.84,35.21,2.3,2.642399379963907,7.05
1960,33,6,5,42,6,71,19,0,33,31,4,1.0001,14,97,141,5,0,295,772,0,74,1.0001,0,118,24,42,608,14,1.355361568296892,276363.63,709,586,3538,2910,5838,6342,10968,8272,10615,1398,1000,3490,106.76,0,32.88,35.2,1.7,2.141875997550081,6.76
1961,39,1.0001,3,19,3,85,29,2,31,38,2,1.0001,15,126,193,4,1.0001,281,1084,0,60,3,2,163,25,27,743,16,1.219291636031995,309583.34,1117,719,3989,3520,6403,7246,12308,10114,11100,1519,1085,3868,103.06,0,33.07,37.6,1.6,2.071180038182634,6.78
1962,81,1.0001,4,22,2,67,11,5,35,49,2,1.0001,19,81,187,1.0001,0,228,946,0,81,0,2,161,20,16,720,19,1.681028520927983,327272.72,1441,779,4084,3617,6578,7333,13316,9798,11321,1817,1279,4061,99.87,0,35.08,38.31,2.1,2.6013512030591,7.2
1963,30,6,13,17,1.0001,59,37,4,37,45,2,3,18,111,131,6,0,311,1029,2,68,3,3,474,21,11,849,26,2.033069204337982,326538.47,1603,881,4135,3958,7114,7966,14559,10768,11968,2095,1532,4241,98.15000000000001,0,34.73,38.31,2.6,3.103782893000538,7
1964,38,1.0001,12,26,3,63,26,1.0001,32,46,4,12,16,100,242,8,0,361,919,0,68,3,6,138,19,21,636,22,1.413791451664384,318000,2531,908,3849,3505,7274,8284,13112,10215,12521,2043,1646,3716,90.97,1,33.85,38.35,1.7,2.397237971665857,6.83
1965,39,6,7,17,10,46,25,3,36,45,3,10,20,100,189,7,0,226,871,0,82,3,1.0001,148,17,10,626,23,1.178385413479194,313000,1727,1120,4223,3949,7320,7695,13442,10287,12715,2026,1557,3667,84.81999999999999,1,34.71,39.35,1.5,2.263639851537689,6.7
1966,50,18,5,14,3,50,32,12,38,55,2,5,28,71,118,6,0,293,881,0,100,5,3,176,17,18,578,20,1.224119795999286,304210.53,1651,1201,4320,3388,7416,7619,13841,10249,12662,2010,1493,3646,82.06999999999999,1,36.78,40.04,1.5,2.472283548263591,6.58
1967,59,19,6,11,7,45,25,7,44,89,5,9,14,83,89,9,1.0001,185,1001,1.0001,85,5,2,284,23,15,634,22,2.008229158209828,317000,1391,1372,4097,3521,8092,8270,15385,10347,13494,2022,1695,3540,79.41,1,37.78,43.43,2.4,3.371969914643099,6.77
1968,56,14,38,25,7,51,68,11,47,60,7,13,30,77,96,2,0,278,874,1.0001,92,5,3,379,21,9,593,15,2.125102877489018,348823.53,1240,1264,4233,3532,7804,7575,15489,10270,13452,2336,1860,3713,78.33,1,38.54,43.73,2.4,3.485323325204563,6.29
1969,34,9,26,18,5,71,34,10,60,47,7,10,32,79,80,5,0,317,936,2,109,3,1.0001,220,18,27,602,11,2.104447447946552,334444.44,1160,1284,4456,3915,7926,7602,14914,11158,13739,2871,2514,4323,72.27,1,40.91,42.08,2.3,3.498876788247521,5.55
1970,39,8,46,11,11,93,17,8,60,48,9,11,27,71,83,1.0001,0,366,875,0,91,8,0,150,21,11,584,17,2.233256398070246,343529.41,1282,1379,4640,4204,7892,7277,13939,11154,13178,2822,2170,3855,63.99,0,41.32,41.77,2.5,3.752455705083804,5.42
1971,41,9,20,20,7,107,26,15,56,66,6,7,25,65,75,4,0,346,882,2,97,3,2,181,70,18,619,16,2.4,325789.47,1484,1503,4495,3847,7793,7354,14463,10150,13253,2694,2022,3933,57.99,0,40.24,42.03,3.4,4.138470565225894,5.52
1972,50,17,14,19,4,161,34,8,58,46,6,25,41,57,96,5,1.0001,328,902,1.0001,96,4,2,388,40,17,603,20,2.7,335000,1531,1534,5115,3534,8299,8184,16715,12486,13210,3236,2481,4762,55.46,0,38.48,40.84,3.7,4.343257443082312,5.38
1973,62,16,18,13,8,102,39,7,51,51,2,38,24,68,63,11,0,313,968,8,92,5,0,251,25,18,711,15,1.9,355500,1160,1638,4881,3668,8990,8297,18756,14283,13658,4062,3404,5532,49.48,0,35.7,40.98,2.6,3.650959052140018,5.51
1974,71,22,15,14,13,65,29,5,43,39,14,18,22,75,82,4,2,526,974,1.0001,115,7,2,338,30,25,505,24,1.9,336666.66,1301,1612,5177,3661,8068,7606,17271,13143,12594,3551,3091,4931,47.87,1,35.57,46.4,2.5,3.649382145744312,5.62
1975,67,14,16,23,32,58,22,7,50,65,9,18,32,68,81,7,5,587,1000,0,80,3,2,250,26,28,798,17,2.9,319200,1431,1581,4518,3890,7582,7571,15845,11910,12187,2781,2242,3786,48.82,1,35.87,48.28,3.9,4.49687823189183,5.47
1976,86,30,130,18,20,53,29,11,75,67,5,25,50,63,72,6,1.0001,556,941,2,73,3,3,187,38,24,504,12,3.9,336000,1747,1630,5044,3980,7646,8270,16784,12621,12598,3114,2391,4507,51.24,1,38.37,46.3,5.4,5.396946564885496,5.76
1977,196,21,62,17,11,40,33,27,71,42,2,22,31,86,88,7,3,435,932,1.0001,92,4,1.0001,190,25,25,599,13,4.2,332777.78,2106,1655,5132,4171,7829,8126,16811,13380,12863,3239,2259,4490,50.08,1,38.85,42.09,5.7,5.593820160584497,5.57
1978,70,25,55,14,12,86,22,19,95,39,5,25,33,80,78,4,0,353,866,6,67,0,0,219,37,21,608,18,4.1,337777.78,2082,1477,5020,4050,7883,8062,16908,13637,13535,3000,2060,4505,46.95,1,37.64,42.49,5.6,5.505247603531239,5.63
1979,49,18,77,24,11,53,23,39,55,31,5,16,20,44,42,3,3,206,709,0,60,0,0,202,25,15,498,13,3.8,276666.66,1409,1208,3596,2946,6019,6205,12914,10695,11586,2461,1196,2971,44.47,0,35.65,42.75,3.9,5.377999774664814,5.68
1980,60,21,85,73,9,69,24,30,77,43,2,23,25,74,62,1.0001,1.0001,377,1006,1.0001,73,1.0001,1.0001,396,33,60,658,14,4.8,329000,1851,1645,4875,3737,7742,8728,18400,13978,15290,3095,2119,4166,42.11,0,37.22,44.54,5,6.80931683940711,5.79
1981,49,8,39,70,3,57,34,10,110,68,5,23,38,67,52,7,3,348,1043,3,107,3,1.0001,350,70,37,748,18,7.6,325217.41,1935,1833,4913,4231,7947,9749,19077,14199,15593,3019,2117,3772,44.4,0,40.27,45.29,8,9.649025481711602,5.69
1982,66,6,28,26,15,44,32,11,182,42,1.0001,12,27,69,43,3,2,296,811,10,72,1.0001,1.0001,357,57,31,610,11,9,338888.88,1668,1665,5819,4406,6751,8656,16864,12362,14403,2584,1636,3189,44.55,0,43.47,45.56,9.4,10.717214642511,5.95
1983,65,10,31,23,23,41,26,14,110,56,5,22,22,65,47,6,5,275,884,6,86,2,0,314,85,12,693,16,9.9,315000,1721,1663,5587,4590,6689,8066,15790,11825,14583,2834,1725,3400,43.13,0,43.32,43.2,10.4,11.47229669347632,5.27
1984,63,4,28,25,8,57,26,18,106,56,7,22,17,78,38,3,1.0001,387,884,8,74,3,1.0001,181,39,7,727,11,10.1,330454.53,1658,1423,5084,4538,6607,7706,14999,11204,14149,2635,1499,3378,43.53,0,42.92,42.59,10.6,11.77432245876626,5.27
1985,100,6,30,28,8,53,24,20,115,62,15,25,32,75,40,3,1.0001,374,863,19,82,5,2,219,47,13,644,16,10.3,338947.38,1644,1523,6414,4364,6977,7468,15543,12119,14219,2779,1412,3297,43.4,0,41.87,41.71,10.8,11.35781999062827,5.28
1986,157,9,38,36,7,71,32,10,172,76,10,18,39,85,66,2,7,245,848,23,91,2,0,244,36,7,609,16,10.5,380625,1791,1846,7047,5563,8305,8351,17478,13496,15687,4093,2592,5621,41.76,0,41.68,40.76,10.9,11.32372966387157,5.17
1987,262,10,39,72,10,61,28,15,178,107,12,32,41,79,59,12,1.0001,232,984,63,88,5,2,342,68,6,771,17,9.4,405789.47,2036,2142,7798,6228,8811,8840,17501,13663,15077,5080,3033,6217,39.14,0,39.66,38.4,9.800000000000001,10.4333013946556,4.76
1988,186,7,46,34,10,46,39,25,291,94,18,25,61,90,66,5,2,248,1045,105,137,8,1.0001,290,44,15,677,18,7.5,423125,1891,2041,8669,6099,8967,9076,20113,15401,15781,5304,3122,6386,34.98,0,38.55,36.28,7.8,8.574434508153603,4.37
1989,177,6,22,57,12,42,56,14,274,82,9,18,28,111,52,15,4,214,1255,84,147,5,1.0001,411,61,26,784,20,5.9,435555.56,2224,2087,9844,7083,8935,9752,22815,17809,15836,5573,3362,6828,29.26,0,38.42,34.25,6.3,7.221393638791579,4.09
1990,155,4,32,63,8,50,39,7,296,94,12,15,33,155,64,10,2,243,1478,179,152,5,2,386,47,38,903,24,5.5,430000,2256,2266,11416,8185,9820,10049,25545,22457,17717,5399,2832,6324,26.64,0,38.12,35.23,5.9,7.097911768773337,4.09
1991,151,5,21,77,17,49,45,16,207,104,8,14,43,129,57,3,3,246,1149,104,151,3,0,406,53,17,1012,23,7.6,404800,2429,2843,11301,7380,10020,10405,24234,19688,18132,4991,2828,5970,25.24,0,38.21,36.45,8.1,8.817788930712394,4.08
1992,122,7,36,113,18,52,81,17,255,100,6,18,32,115,64,12,7,256,978,192,171,4,1.0001,613,69,41,917,33,9.199999999999999,398695.66,2729,1855,11456,8042,10125,10568,25959,19971,19958,4989,2549,5665,26.65,0,38.22,37.97,9.9,9.949933008955645,4.18
1993,119,8,117,107,15,50,44,27,304,160,6,36,65,186,80,17,5,264,1349,195,125,3,2,654,58,11,963,21,9.699999999999999,418695.66,2622,1680,11364,7827,10277,10996,24721,18221,20347,4971,2453,6113,30.86,0,35.8,39.7,10.4,10.37475205440635,4.02
1994,133,67,76,121,18,52,49,28,395,187,14,35,44,144,83,9,3,212,2413,225,181,8,2,676,110,26,1042,26,8.800000000000001,453043.47,2682,2127,14527,9638,11110,11797,25843,18725,21621,5426,2747,6858,36.05,0,34.93,39.18,9.6,9.496096522356281,3.76
1995,162,60,85,150,14,64,69,35,452,216,14,33,80,164,72,16,1.0001,327,1866,209,156,3,0,627,71,15,1016,38,7.6,461818.19,2438,2024,14847,9342,11514,11941,27950,19836,22337,5409,2721,7242,39.55,0,35.68,39.42,8.6,8.621788065406667,3.49
1996,266,20,77,169,18,59,65,20,351,166,14,24,80,238,81,9,6,358,993,209,159,8,0,542,107,17,973,27,6.9,486500,2713,2174,18296,9833,11348,12349,27110,19852,21536,5787,2528,7229,41.2,0,36.34,38.93,8.199999999999999,8.097051770348427,3.16
1997,178,55,63,148,13,54,85,19,511,201,9,45,74,245,97,11,6,335,932,222,133,11,0,624,98,17,1050,29,5.3,500000,2859,2093,19829,9898,11476,12263,27160,17789,21572,6276,2847,8363,41.81,1,35.68,37.15,7.1,6.972013747632742,3.02
1998,163,15,63,175,21,76,50,28,486,206,19,27,52,214,89,6,3,398,903,139,121,6,0,472,88,15,1114,25,4.5,484347.81,2673,2219,24401,10716,11290,11908,30343,18546,23940,6262,2903,8858,40.79,1,36.87,36.22,6.1,6.255466536052898,2.77
1999,216,14,71,201,31,97,55,34,344,199,7,29,58,134,63,14,10,357,951,120,120,6,3,532,38,8,1086,23,4.1,472173.91,3348,2257,21405,10619,10810,11353,27152,18174,23647,5338,2403,7267,38.52,1,37.04,35.81,6,5.976812597335179,2.88
2000,186,28,54,131,26,67,64,30,394,194,11,30,67,135,55,10,5,339,1038,182,150,12,1.0001,778,44,13,1216,26,3.6,579047.63,3462,2477,24444,10351,11868,13899,27704,18844,23637,5511,2427,7617,35.38,1,37.59,34.91,5.5,5.459048536342059,2.85
